area_id,unit_id,x,y,width,height,zone_function
AREA000001,UNIT00001,779,301,91,78,Maintenance
AREA000002,UNIT00001,712,578,71,104,Process
AREA000003,UNIT00001,115,243,89,114,Storage
AREA000004,UNIT00001,594,223,151,119,Utility
AREA000005,UNIT00002,623,304,60,70,Utility
AREA000006,UNIT00002,304,179,87,93,Process
AREA000007,UNIT00002,409,119,105,94,Storage
AREA000008,UNIT00002,846,64,153,108,Storage
AREA000009,UNIT00002,964,407,70,120,Safety
AREA000010,UNIT00003,611,216,150,58,Process
AREA000011,UNIT00003,811,316,70,79,Process
AREA000012,UNIT00003,304,484,141,96,Maintenance
AREA000013,UNIT00003,383,234,145,84,Process
AREA000014,UNIT00003,566,270,80,109,Utility
AREA000015,UNIT00003,967,675,148,78,Safety
AREA000016,UNIT00003,254,52,100,101,Safety
AREA000017,UNIT00003,236,600,151,90,Maintenance
AREA000018,UNIT00004,925,678,118,68,Safety
AREA000019,UNIT00004,272,594,128,83,Storage
AREA000020,UNIT00004,939,617,111,96,Maintenance
AREA000021,UNIT00004,541,525,71,56,Process
AREA000022,UNIT00004,662,183,147,104,Storage
AREA000023,UNIT00004,414,410,136,109,Storage
AREA000024,UNIT00004,586,31,147,64,Storage
AREA000025,UNIT00005,134,320,115,70,Utility
AREA000026,UNIT00005,759,289,124,72,Storage
AREA000027,UNIT00005,911,660,98,114,Storage
AREA000028,UNIT00005,176,402,157,70,Storage
AREA000029,UNIT00005,633,351,122,52,Process
AREA000030,UNIT00005,919,334,90,57,Maintenance
AREA000031,UNIT00006,107,517,68,118,Maintenance
AREA000032,UNIT00006,695,506,130,71,Safety
AREA000033,UNIT00006,236,572,156,75,Safety
AREA000034,UNIT00006,707,402,116,116,Utility
AREA000035,UNIT00006,273,250,68,93,Process
AREA000036,UNIT00006,622,245,60,59,Process
AREA000037,UNIT00006,89,52,102,59,Storage
AREA000038,UNIT00006,305,517,87,119,Maintenance
AREA000039,UNIT00007,268,504,112,74,Process
AREA000040,UNIT00007,694,461,105,104,Utility
AREA000041,UNIT00007,904,75,146,62,Process
AREA000042,UNIT00007,765,367,73,81,Maintenance
AREA000043,UNIT00007,569,479,77,104,Maintenance
AREA000044,UNIT00007,493,275,69,106,Storage
AREA000045,UNIT00007,71,573,61,61,Maintenance
AREA000046,UNIT00007,436,517,121,77,Utility
AREA000047,UNIT00008,408,22,109,83,Utility
AREA000048,UNIT00008,453,589,144,112,Maintenance
AREA000049,UNIT00008,323,242,67,119,Process
AREA000050,UNIT00008,78,71,134,111,Storage
AREA000051,UNIT00009,78,540,70,73,Process
AREA000052,UNIT00009,711,260,111,65,Storage
AREA000053,UNIT00009,612,628,65,60,Utility
AREA000054,UNIT00009,977,287,86,90,Maintenance
AREA000055,UNIT00009,425,154,145,88,Utility
AREA000056,UNIT00009,971,94,61,108,Storage
AREA000057,UNIT00009,95,570,87,114,Safety
AREA000058,UNIT00009,975,377,68,81,Safety
AREA000059,UNIT00010,468,576,150,88,Storage
AREA000060,UNIT00010,703,587,98,63,Maintenance
AREA000061,UNIT00010,138,129,155,120,Maintenance
AREA000062,UNIT00010,308,639,86,93,Maintenance
AREA000063,UNIT00010,537,520,92,56,Process
AREA000064,UNIT00010,869,303,65,50,Safety
AREA000065,UNIT00011,185,472,130,104,Storage
AREA000066,UNIT00011,134,97,148,69,Storage
AREA000067,UNIT00011,874,398,134,120,Maintenance
AREA000068,UNIT00011,150,62,99,96,Process
AREA000069,UNIT00011,235,275,145,63,Safety
AREA000070,UNIT00012,655,178,90,70,Maintenance
AREA000071,UNIT00012,45,203,154,92,Utility
AREA000072,UNIT00012,293,183,160,63,Utility
AREA000073,UNIT00012,899,501,88,75,Utility
AREA000074,UNIT00012,332,253,88,53,Maintenance
AREA000075,UNIT00012,356,305,68,85,Safety
AREA000076,UNIT00012,715,569,102,53,Process
AREA000077,UNIT00012,202,614,93,54,Process
AREA000078,UNIT00013,373,341,115,115,Process
AREA000079,UNIT00013,941,610,84,82,Process
AREA000080,UNIT00013,21,552,128,75,Safety
AREA000081,UNIT00013,91,358,139,90,Process
AREA000082,UNIT00013,539,336,145,102,Safety
AREA000083,UNIT00013,733,322,130,66,Maintenance
AREA000084,UNIT00013,700,408,146,72,Storage
AREA000085,UNIT00013,435,581,60,88,Safety
AREA000086,UNIT00014,824,613,137,91,Utility
AREA000087,UNIT00014,472,238,125,110,Maintenance
AREA000088,UNIT00014,310,547,144,92,Process
AREA000089,UNIT00014,708,337,88,75,Maintenance
AREA000090,UNIT00014,67,270,120,59,Utility
AREA000091,UNIT00015,755,413,123,101,Maintenance
AREA000092,UNIT00015,691,25,156,63,Utility
AREA000093,UNIT00015,200,550,119,56,Storage
AREA000094,UNIT00015,959,144,118,67,Utility
AREA000095,UNIT00015,793,473,138,114,Utility
AREA000096,UNIT00015,938,182,155,110,Utility
AREA000097,UNIT00015,789,273,141,85,Storage
AREA000098,UNIT00016,301,470,69,86,Maintenance
AREA000099,UNIT00016,363,347,129,60,Maintenance
AREA000100,UNIT00016,256,412,148,69,Maintenance
AREA000101,UNIT00016,444,437,102,119,Utility
AREA000102,UNIT00016,83,231,113,99,Storage
AREA000103,UNIT00016,897,609,108,111,Process
AREA000104,UNIT00016,325,419,113,118,Storage
AREA000105,UNIT00017,519,244,94,105,Utility
AREA000106,UNIT00017,418,364,145,101,Maintenance
AREA000107,UNIT00017,961,150,139,118,Process
AREA000108,UNIT00017,626,597,144,53,Process
AREA000109,UNIT00017,158,492,83,56,Safety
AREA000110,UNIT00017,355,236,118,91,Safety
AREA000111,UNIT00017,304,451,92,60,Utility
AREA000112,UNIT00017,787,572,66,94,Maintenance
AREA000113,UNIT00018,792,51,91,75,Process
AREA000114,UNIT00018,264,149,120,64,Storage
AREA000115,UNIT00018,496,282,158,97,Maintenance
AREA000116,UNIT00018,816,187,99,63,Storage
AREA000117,UNIT00019,609,404,110,75,Process
AREA000118,UNIT00019,124,328,147,65,Storage
AREA000119,UNIT00019,375,565,114,97,Process
AREA000120,UNIT00019,32,450,122,63,Utility
AREA000121,UNIT00020,744,176,115,72,Storage
AREA000122,UNIT00020,650,571,159,111,Utility
AREA000123,UNIT00020,865,626,94,91,Maintenance
AREA000124,UNIT00020,305,481,91,109,Storage
AREA000125,UNIT00020,364,49,123,91,Maintenance
AREA000126,UNIT00020,237,383,93,93,Safety
AREA000127,UNIT00021,589,30,126,74,Process
AREA000128,UNIT00021,757,436,122,80,Utility
AREA000129,UNIT00021,478,37,71,87,Maintenance
AREA000130,UNIT00021,728,269,99,97,Utility
AREA000131,UNIT00021,455,583,102,95,Utility
AREA000132,UNIT00021,333,277,89,65,Maintenance
AREA000133,UNIT00021,142,568,157,73,Maintenance
AREA000134,UNIT00021,776,515,95,117,Storage
AREA000135,UNIT00022,872,218,97,79,Safety
AREA000136,UNIT00022,329,34,150,118,Maintenance
AREA000137,UNIT00022,66,75,130,87,Maintenance
AREA000138,UNIT00022,125,32,133,86,Utility
AREA000139,UNIT00022,471,368,83,56,Safety
AREA000140,UNIT00022,136,86,111,112,Process
AREA000141,UNIT00023,175,172,132,88,Process
AREA000142,UNIT00023,141,591,157,103,Storage
AREA000143,UNIT00023,814,555,108,107,Utility
AREA000144,UNIT00023,900,622,114,89,Storage
AREA000145,UNIT00023,644,121,157,76,Maintenance
AREA000146,UNIT00023,696,103,80,80,Maintenance
AREA000147,UNIT00023,180,22,112,107,Storage
AREA000148,UNIT00023,318,53,89,86,Safety
AREA000149,UNIT00024,723,259,93,75,Utility
AREA000150,UNIT00024,577,250,142,69,Safety
AREA000151,UNIT00024,93,81,81,89,Storage
AREA000152,UNIT00024,469,147,119,88,Utility
AREA000153,UNIT00024,532,572,123,106,Process
AREA000154,UNIT00024,930,462,154,91,Storage
AREA000155,UNIT00024,46,113,89,52,Safety
AREA000156,UNIT00025,801,199,120,116,Utility
AREA000157,UNIT00025,205,619,115,112,Process
AREA000158,UNIT00025,376,438,102,91,Process
AREA000159,UNIT00025,357,441,148,113,Safety
AREA000160,UNIT00025,853,583,64,108,Process
AREA000161,UNIT00025,278,351,74,101,Storage
AREA000162,UNIT00025,693,575,119,102,Process
AREA000163,UNIT00025,550,390,139,113,Utility
AREA000164,UNIT00026,293,582,76,86,Utility
AREA000165,UNIT00026,144,49,140,80,Maintenance
AREA000166,UNIT00026,584,34,130,102,Process
AREA000167,UNIT00026,881,136,119,65,Maintenance
AREA000168,UNIT00027,541,299,113,111,Utility
AREA000169,UNIT00027,487,584,78,99,Maintenance
AREA000170,UNIT00027,904,91,95,103,Safety
AREA000171,UNIT00027,860,22,96,88,Storage
AREA000172,UNIT00027,906,172,117,118,Utility
AREA000173,UNIT00027,360,585,157,119,Utility
AREA000174,UNIT00027,975,349,84,80,Storage
AREA000175,UNIT00028,896,440,65,90,Utility
AREA000176,UNIT00028,415,175,123,54,Maintenance
AREA000177,UNIT00028,910,122,116,62,Storage
AREA000178,UNIT00028,35,167,112,69,Process
AREA000179,UNIT00028,820,291,103,100,Process
AREA000180,UNIT00028,892,566,108,90,Utility
AREA000181,UNIT00028,652,90,90,86,Maintenance
AREA000182,UNIT00029,120,668,150,62,Utility
AREA000183,UNIT00029,730,326,63,55,Safety
AREA000184,UNIT00029,320,387,107,105,Maintenance
AREA000185,UNIT00029,563,441,132,73,Maintenance
AREA000186,UNIT00030,644,411,139,80,Utility
AREA000187,UNIT00030,257,492,141,82,Utility
AREA000188,UNIT00030,702,29,119,86,Storage
AREA000189,UNIT00030,95,472,104,88,Utility
AREA000190,UNIT00030,487,329,85,99,Utility
AREA000191,UNIT00031,410,605,105,87,Safety
AREA000192,UNIT00031,869,425,95,51,Storage
AREA000193,UNIT00031,952,640,155,113,Safety
AREA000194,UNIT00031,641,380,88,74,Storage
AREA000195,UNIT00032,663,119,140,55,Safety
AREA000196,UNIT00032,54,613,106,66,Process
AREA000197,UNIT00032,354,445,82,75,Maintenance
AREA000198,UNIT00032,563,533,94,71,Safety
AREA000199,UNIT00032,845,322,155,93,Process
AREA000200,UNIT00032,97,164,156,78,Utility
AREA000201,UNIT00033,112,424,61,83,Storage
AREA000202,UNIT00033,485,397,146,83,Storage
AREA000203,UNIT00033,862,673,107,63,Maintenance
AREA000204,UNIT00033,45,654,131,91,Storage
AREA000205,UNIT00033,683,84,141,109,Safety
AREA000206,UNIT00033,139,163,65,54,Safety
AREA000207,UNIT00033,138,119,90,118,Maintenance
AREA000208,UNIT00033,484,399,145,119,Utility
AREA000209,UNIT00034,926,444,143,62,Utility
AREA000210,UNIT00034,306,53,148,97,Maintenance
AREA000211,UNIT00034,475,261,106,62,Safety
AREA000212,UNIT00034,82,427,95,74,Process
AREA000213,UNIT00034,113,237,142,52,Process
AREA000214,UNIT00034,269,148,160,76,Process
AREA000215,UNIT00034,620,241,89,92,Maintenance
AREA000216,UNIT00034,303,168,76,119,Safety
AREA000217,UNIT00035,696,46,76,51,Safety
AREA000218,UNIT00035,622,351,62,72,Safety
AREA000219,UNIT00035,149,451,127,64,Process
AREA000220,UNIT00035,479,390,125,63,Utility
AREA000221,UNIT00035,649,64,153,116,Safety
AREA000222,UNIT00036,82,510,111,104,Process
AREA000223,UNIT00036,749,474,69,60,Safety
AREA000224,UNIT00036,87,149,95,120,Safety
AREA000225,UNIT00036,631,563,97,108,Storage
AREA000226,UNIT00036,121,137,143,120,Maintenance
AREA000227,UNIT00036,482,253,112,93,Utility
AREA000228,UNIT00036,445,117,100,104,Safety
