role_id,designation,department,job_family,nsqf_level,base_risk_score,org_level_default,key_skills,HSSC_reference_status,HSSC_QP_code,HSSC_training_hours,source_url
R001,Assistant Technician - Drilling,Drilling,Drilling Operations,4,5,L2,Well Control Basics; Permit to Work; Line of Fire Awareness; H2S Awareness; Manual Handling,Exact/closest HSSC role,HYC/Q0101,480,https://www.hsscindia.in/qualification-packs-model-curriculum.html
R002,Assistant Technician - Production,Production,Production Operations,4,4,L2,Process Operations; Permit to Work; Gas Testing; PPE Compliance; Emergency Response,Exact/closest HSSC role,HYC/Q0102,480,https://www.hsscindia.in/qualification-packs-model-curriculum.html
R003,Floor Hand / Roughneck,Drilling,Drilling Operations,4,5,L3,Rig Floor Safety; Manual Handling; Line of Fire Awareness; Dropped Object Prevention; H2S Awareness,Exact/closest HSSC role,HYC/Q0103,450,https://www.hsscindia.in/qualification-packs-model-curriculum.html
R004,Rig Mechanic,Mechanical Maintenance,Mechanical,4,5,L3,Mechanical Maintenance; LOTO; Rotating Equipment; Permit to Work; Rig Safety,Exact/closest HSSC role,HYC/Q0105,450,https://www.hsscindia.in/qualification-packs-model-curriculum.html
R005,Junior Pump Operator,Production,Production Operations,3,4,L3,Process Operations; Pump Operation; Gas Testing; Permit to Work,Exact/closest HSSC role,HYC/Q0104,360,https://www.hsscindia.in/qualification-packs-model-curriculum.html
R006,Industrial Electrician,Electrical,Electrical & Power,4,5,L3,Electrical Safety; LOTO; Electrical Testing; PPE Compliance; Hazardous Area Awareness,Exact/closest HSSC role,HYC/Q6101,600,https://www.hsscindia.in/qualification-packs-model-curriculum.html
R007,Process Instrument Technician,Instrumentation,Instrumentation & Control,4,5,L3,Instrumentation; LOTO; Control Systems; Gas Testing; Electrical Safety,Exact/closest HSSC role,HYC/Q6201,480,https://www.hsscindia.in/qualification-packs-model-curriculum.html
R008,Industrial Welder,Construction,Welding & Fabrication,4,5,L3,Hot Work; Welding; Fire Watch; Gas Testing; PPE Compliance,Exact/closest HSSC role,HYC/Q9101,600,https://www.hsscindia.in/qualification-packs-model-curriculum.html
R009,Pipe Fitter,Mechanical Maintenance,Piping,4,5,L3,Piping; Permit to Work; LOTO; Line of Fire Awareness; Rigging Basics,Exact/closest HSSC role,HYC/Q6103,600,https://www.hsscindia.in/qualification-packs-model-curriculum.html
R010,Pipeline Maintenance Technician,Pipeline,Pipeline Maintenance,4,5,L3,Pipeline Maintenance; Permit to Work; LOTO; Gas Testing; Excavation Safety,Exact/closest HSSC role,HYC/Q6402,660,https://www.hsscindia.in/qualification-packs-model-curriculum.html
R011,Cathodic Protection Technician,Pipeline,Pipeline Integrity,4,4,L3,Cathodic Protection; Electrical Safety; Pipeline Integrity; Permit to Work,Exact/closest HSSC role,HYC/Q6306,660,https://www.hsscindia.in/qualification-packs-model-curriculum.html
R012,Hydrocarbon Pipeline Operator,Pipeline,Pipeline Operations,4,5,L3,Pipeline Operations; Valve Operations; Gas Testing; Emergency Response; Permit to Work,Exact/closest HSSC role,HYC/Q6104,480,https://www.hsscindia.in/qualification-packs-model-curriculum.html
R013,Tank Lorry Driver - Petroleum Products,Logistics,Transport,4,5,L3,Defensive Driving; Hazmat Transport; Loading/Unloading; Fire Safety; Emergency Response,Exact/closest HSSC role,HYC/Q3301,450,https://www.hsscindia.in/qualification-packs-model-curriculum.html
R014,Fire Safety Technician,HSE,Fire & Emergency,4,5,L3,Fire Fighting; Emergency Response; Gas Testing; SCBA Awareness; Incident Command,Exact/closest HSSC role,HYC/Q3601,450,https://www.hsscindia.in/qualification-packs-model-curriculum.html
R015,Fire Safety Supervisor,HSE,Fire & Emergency,5,5,L5,Fire Fighting; Emergency Response; Incident Command; Permit to Work; Risk Assessment,Exact/closest HSSC role,HYC/Q3602,480,https://www.hsscindia.in/qualification-packs-model-curriculum.html
R016,Process Safety Supervisor,HSE,Process Safety,5,5,L5,Process Safety; HAZOP; Risk Assessment; Permit to Work; Barrier Management,Exact/closest HSSC role,HYC/Q3603,570,https://www.hsscindia.in/qualification-packs-model-curriculum.html
R017,Industrial Safety Associate,HSE,Safety Management,4.5,4,L4,Risk Assessment; Incident Investigation; Permit to Work; Behavior Based Safety; Emergency Response,Exact/closest HSSC role,HYC/Q3604,480,https://www.hsscindia.in/qualification-packs-model-curriculum.html
R018,Refinery Production Technician,Operations,Refinery/Process,4,4,L3,Process Operations; Fire Safety; Gas Testing; Permit to Work; Emergency Response,Exact/closest HSSC role,HYC/Q3801,480,https://www.hsscindia.in/qualification-packs-model-curriculum.html
R019,Refinery Process Operator,Operations,Refinery/Process,4,4,L3,Process Operations; Control Room; Gas Testing; Permit to Work; Emergency Response,Exact/closest HSSC role,HYC/Q3802,480,https://www.hsscindia.in/qualification-packs-model-curriculum.html
R020,Operator - LNG Production,Operations,Gas/LNG Operations,4,5,L3,LNG Operations; Cryogenic Safety; Gas Testing; Emergency Response; Permit to Work,Exact/closest HSSC role,HYC/Q4101,450,https://www.hsscindia.in/qualification-packs-model-curriculum.html
R021,LPG Loading Operator,Operations,LPG Operations,3,5,L3,LPG Operations; Gas Testing; Loading/Unloading; Fire Safety; Permit to Work,Exact/closest HSSC role,HYC/Q6501,330,https://www.hsscindia.in/qualification-packs-model-curriculum.html
R022,LPG Mechanic,Mechanical Maintenance,LPG Maintenance,3,5,L3,Mechanical Maintenance; LOTO; LPG Safety; Gas Testing; Permit to Work,Exact/closest HSSC role,HYC/Q3401,330,https://www.hsscindia.in/qualification-packs-model-curriculum.html
R023,Scaffolder - Oil & Gas,Construction,Access & Scaffolding,3.5,5,L2,Work at Height; Scaffolding; Fall Protection; Dropped Object Prevention; PPE Compliance,Exact/closest HSSC role,HYC/Q9201,420,https://www.hsscindia.in/qualification-packs-model-curriculum.html
R024,Store Keeper - Petroleum Products,Supply Chain,Stores,3,2,L3,Chemical Handling; Hazmat Awareness; PPE Compliance; Inventory Control,Exact/closest HSSC role,HYC/Q3501,330,https://www.hsscindia.in/qualification-packs-model-curriculum.html
R025,Lab Chemist / Analyst,Laboratory,Laboratory,5.5,3,L6,Chemical Handling; Laboratory Safety; Gas Testing; PPE Compliance; Emergency Response,Exact/closest HSSC role,HYC/Q3901,600,https://www.hsscindia.in/qualification-packs-model-curriculum.html
R026,HSE Officer,HSE,Safety Management,6,5,L6,Risk Assessment; Incident Investigation; Barrier Management; Emergency Response; Permit to Work; Audit & Inspection,Synthetic organizational role - no exact HSSC role used,N/A,N/A,https://www.hsscindia.in/qualification-packs-model-curriculum.html
R027,Mechanical Engineer,Engineering,Mechanical Engineering,N/A,4,L6,Mechanical Engineering; Reliability; Risk Assessment; Permit to Work,Synthetic organizational role - no exact HSSC role used,N/A,N/A,https://www.hsscindia.in/qualification-packs-model-curriculum.html
R028,Electrical Engineer,Engineering,Electrical Engineering,N/A,4,L6,Electrical Engineering; Electrical Safety; LOTO; Risk Assessment,Synthetic organizational role - no exact HSSC role used,N/A,N/A,https://www.hsscindia.in/qualification-packs-model-curriculum.html
R029,Instrumentation Engineer,Engineering,Instrumentation Engineering,N/A,4,L6,Instrumentation; Control Systems; Risk Assessment; LOTO,Synthetic organizational role - no exact HSSC role used,N/A,N/A,https://www.hsscindia.in/qualification-packs-model-curriculum.html
R030,Drilling Engineer,Engineering,Drilling Engineering,N/A,5,L6,Drilling Engineering; Well Control; Risk Assessment; Barrier Management,Synthetic organizational role - no exact HSSC role used,N/A,N/A,https://www.hsscindia.in/qualification-packs-model-curriculum.html
R031,Production Engineer,Engineering,Production Engineering,N/A,4,L6,Production Engineering; Process Safety; Risk Assessment; Barrier Management,Synthetic organizational role - no exact HSSC role used,N/A,N/A,https://www.hsscindia.in/qualification-packs-model-curriculum.html
R032,Geologist,Subsurface,Geoscience,N/A,2,L6,Geoscience; Field Operations; Risk Assessment,Synthetic organizational role - no exact HSSC role used,N/A,N/A,https://www.hsscindia.in/qualification-packs-model-curriculum.html
R033,Security Supervisor,Security,Security,N/A,3,L5,Emergency Response; Permit to Work; Access Control; Incident Reporting,Synthetic organizational role - no exact HSSC role used,N/A,N/A,https://www.hsscindia.in/qualification-packs-model-curriculum.html
R034,Security Guard,Security,Security,N/A,3,L2,Emergency Response; Access Control; Fire Safety,Synthetic organizational role - no exact HSSC role used,N/A,N/A,https://www.hsscindia.in/qualification-packs-model-curriculum.html
R035,Industrial Cleaner - Oil & Gas,Facilities,Housekeeping,2.5,3,L1,Chemical Handling; PPE Compliance; Housekeeping; Hazard Communication,Exact/closest HSSC role,HYC/Q9601,330,https://www.hsscindia.in/qualification-packs-model-curriculum.html
R036,Helper / General Worker,Operations,General Operations,N/A,3,L1,PPE Compliance; Manual Handling; Hazard Communication; Emergency Response,Synthetic organizational role - no exact HSSC role used,N/A,N/A,https://www.hsscindia.in/qualification-packs-model-curriculum.html
R037,Crane Operator,Construction,Lifting Operations,N/A,5,L3,Crane Operation; Lifting & Rigging; Permit to Work; Line of Fire Awareness,Synthetic organizational role - no exact HSSC role used,N/A,N/A,https://www.hsscindia.in/qualification-packs-model-curriculum.html
R038,Rigger / Banksman,Construction,Lifting Operations,N/A,5,L2,Lifting & Rigging; Banksman Signalling; Line of Fire Awareness; Dropped Object Prevention,Synthetic organizational role - no exact HSSC role used,N/A,N/A,https://www.hsscindia.in/qualification-packs-model-curriculum.html
R039,Scaffold Inspector,Construction,Access & Scaffolding,N/A,5,L4,Scaffolding Inspection; Work at Height; Fall Protection; Risk Assessment,Synthetic organizational role - no exact HSSC role used,N/A,N/A,https://www.hsscindia.in/qualification-packs-model-curriculum.html
R040,HSE Trainer,HSE,Training & Competency,N/A,4,L6,Training Delivery; Risk Assessment; Incident Investigation; Permit to Work,Synthetic organizational role - no exact HSSC role used,N/A,N/A,https://www.hsscindia.in/qualification-packs-model-curriculum.html
R041,Maintenance Supervisor,Mechanical Maintenance,Maintenance,N/A,5,L5,Mechanical Maintenance; LOTO; Permit to Work; Risk Assessment; Supervision,Synthetic organizational role - no exact HSSC role used,N/A,N/A,https://www.hsscindia.in/qualification-packs-model-curriculum.html
R042,Operations Supervisor,Operations,Operations Management,N/A,5,L5,Process Operations; Permit to Work; Barrier Management; Emergency Response; Supervision,Synthetic organizational role - no exact HSSC role used,N/A,N/A,https://www.hsscindia.in/qualification-packs-model-curriculum.html
R043,Drilling Supervisor,Drilling,Drilling Operations,N/A,5,L5,Well Control; Rig Safety; Permit to Work; Barrier Management; Supervision,Synthetic organizational role - no exact HSSC role used,N/A,N/A,https://www.hsscindia.in/qualification-packs-model-curriculum.html
R044,Site Manager,Management,Site Management,N/A,5,L7,Leadership; Risk Assessment; Emergency Response; Barrier Management; Contractor Management,Synthetic organizational role - no exact HSSC role used,N/A,N/A,https://www.hsscindia.in/qualification-packs-model-curriculum.html
R045,HR / Admin Executive,Corporate Services,Administration,4,1,L6,HR Operations; Data Privacy; Emergency Response,Synthetic organizational role - no exact HSSC role used,N/A,N/A,https://www.hsscindia.in/qualification-packs-model-curriculum.html
R046,Finance Executive,Corporate Services,Finance,4,1,L6,Finance Operations; Data Privacy; Emergency Response,Synthetic organizational role - no exact HSSC role used,N/A,N/A,https://www.hsscindia.in/qualification-packs-model-curriculum.html
R047,Medical Officer,Medical,Occupational Health,N/A,3,L6,Occupational Health; First Aid; Emergency Response; Chemical Handling,Synthetic organizational role - no exact HSSC role used,N/A,N/A,https://www.hsscindia.in/qualification-packs-model-curriculum.html
R048,Occupational Health Nurse,Medical,Occupational Health,N/A,3,L4,First Aid; Occupational Health; Emergency Response; Chemical Handling,Synthetic organizational role - no exact HSSC role used,N/A,N/A,https://www.hsscindia.in/qualification-packs-model-curriculum.html
R049,Emergency Response Technician,HSE,Emergency Response,N/A,5,L3,Emergency Response; Fire Fighting; SCBA Awareness; H2S Awareness,Synthetic organizational role - no exact HSSC role used,N/A,N/A,https://www.hsscindia.in/qualification-packs-model-curriculum.html
R050,IT / Systems Support,IT,Information Technology,N/A,1,L5,IT Operations; Data Privacy; Emergency Response,Synthetic organizational role - no exact HSSC role used,N/A,N/A,https://www.hsscindia.in/qualification-packs-model-curriculum.html
